names,country,lat,lon,years,sea_level_change
NEW_YORK,US,40.7,-74.01,2020,80
NEW_YORK,US,40.7,-74.01,2030,147
NEW_YORK,US,40.7,-74.01,2040,227
NEW_YORK,US,40.7,-74.01,2050,317
NEW_YORK,US,40.7,-74.01,2060,408
NEW_YORK,US,40.7,-74.01,2070,514
NEW_YORK,US,40.7,-74.01,2080,630
NEW_YORK,US,40.7,-74.01,2090,762
NEW_YORK,US,40.7,-74.01,2100,892
NEW_YORK,US,40.7,-74.01,2110,982
NEW_YORK,US,40.7,-74.01,2120,1109
NEW_YORK,US,40.7,-74.01,2130,1233
NEW_YORK,US,40.7,-74.01,2140,1350
NEW_YORK,US,40.7,-74.01,2150,1464
BOSTON,US,42.35,-71.05,2020,79
BOSTON,US,42.35,-71.05,2030,145
BOSTON,US,42.35,-71.05,2040,226
BOSTON,US,42.35,-71.05,2050,317
BOSTON,US,42.35,-71.05,2060,409
BOSTON,US,42.35,-71.05,2070,516
BOSTON,US,42.35,-71.05,2080,636
BOSTON,US,42.35,-71.05,2090,770
BOSTON,US,42.35,-71.05,2100,900
BOSTON,US,42.35,-71.05,2110,988
BOSTON,US,42.35,-71.05,2120,1114
BOSTON,US,42.35,-71.05,2130,1238
BOSTON,US,42.35,-71.05,2140,1355
BOSTON,US,42.35,-71.05,2150,1468
LOS_ANGELES,US,33.72,-118.27,2020,49
LOS_ANGELES,US,33.72,-118.27,2030,91
LOS_ANGELES,US,33.72,-118.27,2040,144
LOS_ANGELES,US,33.72,-118.27,2050,212
LOS_ANGELES,US,33.72,-118.27,2060,278
LOS_ANGELES,US,33.72,-118.27,2070,364
LOS_ANGELES,US,33.72,-118.27,2080,460
LOS_ANGELES,US,33.72,-118.27,2090,575
LOS_ANGELES,US,33.72,-118.27,2100,698
LOS_ANGELES,US,33.72,-118.27,2110,777
LOS_ANGELES,US,33.72,-118.27,2120,888
LOS_ANGELES,US,33.72,-118.27,2130,998
LOS_ANGELES,US,33.72,-118.27,2140,1102
LOS_ANGELES,US,33.72,-118.27,2150,1202
SAN_FRANCISCO,US,37.81,-122.47,2020,50
SAN_FRANCISCO,US,37.81,-122.47,2030,89
SAN_FRANCISCO,US,37.81,-122.47,2040,142
SAN_FRANCISCO,US,37.81,-122.47,2050,210
SAN_FRANCISCO,US,37.81,-122.47,2060,277
SAN_FRANCISCO,US,37.81,-122.47,2070,362
SAN_FRANCISCO,US,37.81,-122.47,2080,460
SAN_FRANCISCO,US,37.81,-122.47,2090,576
SAN_FRANCISCO,US,37.81,-122.47,2100,696
SAN_FRANCISCO,US,37.81,-122.47,2110,774
SAN_FRANCISCO,US,37.81,-122.47,2120,885
SAN_FRANCISCO,US,37.81,-122.47,2130,992
SAN_FRANCISCO,US,37.81,-122.47,2140,1097
SAN_FRANCISCO,US,37.81,-122.47,2150,1196
MIAMI_BEACH,US,25.77,-80.13,2020,64
MIAMI_BEACH,US,25.77,-80.13,2030,118
MIAMI_BEACH,US,25.77,-80.13,2040,184
MIAMI_BEACH,US,25.77,-80.13,2050,266
MIAMI_BEACH,US,25.77,-80.13,2060,346
MIAMI_BEACH,US,25.77,-80.13,2070,444
MIAMI_BEACH,US,25.77,-80.13,2080,553
MIAMI_BEACH,US,25.77,-80.13,2090,678
MIAMI_BEACH,US,25.77,-80.13,2100,817
MIAMI_BEACH,US,25.77,-80.13,2110,910
MIAMI_BEACH,US,25.77,-80.13,2120,1037
MIAMI_BEACH,US,25.77,-80.13,2130,1160
MIAMI_BEACH,US,25.77,-80.13,2140,1274
MIAMI_BEACH,US,25.77,-80.13,2150,1384
NAPLES,US,26.13,-81.81,2020,66
NAPLES,US,26.13,-81.81,2030,125
NAPLES,US,26.13,-81.81,2040,196
NAPLES,US,26.13,-81.81,2050,280
NAPLES,US,26.13,-81.81,2060,363
NAPLES,US,26.13,-81.81,2070,463
NAPLES,US,26.13,-81.81,2080,574
NAPLES,US,26.13,-81.81,2090,702
NAPLES,US,26.13,-81.81,2100,840
NAPLES,US,26.13,-81.81,2110,935
NAPLES,US,26.13,-81.81,2120,1064
NAPLES,US,26.13,-81.81,2130,1188
NAPLES,US,26.13,-81.81,2140,1306
NAPLES,US,26.13,-81.81,2150,1418
SANTA_MONICA,US,34.01,-118.5,2020,49
SANTA_MONICA,US,34.01,-118.5,2030,90
SANTA_MONICA,US,34.01,-118.5,2040,144
SANTA_MONICA,US,34.01,-118.5,2050,211
SANTA_MONICA,US,34.01,-118.5,2060,278
SANTA_MONICA,US,34.01,-118.5,2070,362
SANTA_MONICA,US,34.01,-118.5,2080,458
SANTA_MONICA,US,34.01,-118.5,2090,574
SANTA_MONICA,US,34.01,-118.5,2100,695
SANTA_MONICA,US,34.01,-118.5,2110,774
SANTA_MONICA,US,34.01,-118.5,2120,886
SANTA_MONICA,US,34.01,-118.5,2130,994
SANTA_MONICA,US,34.01,-118.5,2140,1098
SANTA_MONICA,US,34.01,-118.5,2150,1198
SANTA_BARBARA,US,34.41,-119.69,2020,50
SANTA_BARBARA,US,34.41,-119.69,2030,92
SANTA_BARBARA,US,34.41,-119.69,2040,146
SANTA_BARBARA,US,34.41,-119.69,2050,214
SANTA_BARBARA,US,34.41,-119.69,2060,281
SANTA_BARBARA,US,34.41,-119.69,2070,367
SANTA_BARBARA,US,34.41,-119.69,2080,464
SANTA_BARBARA,US,34.41,-119.69,2090,581
SANTA_BARBARA,US,34.41,-119.69,2100,703
SANTA_BARBARA,US,34.41,-119.69,2110,782
SANTA_BARBARA,US,34.41,-119.69,2120,896
SANTA_BARBARA,US,34.41,-119.69,2130,1004
SANTA_BARBARA,US,34.41,-119.69,2140,1110
SANTA_BARBARA,US,34.41,-119.69,2150,1210
RINCON_ISLAND,US,34.35,-119.44,2020,50
RINCON_ISLAND,US,34.35,-119.44,2030,92
RINCON_ISLAND,US,34.35,-119.44,2040,145
RINCON_ISLAND,US,34.35,-119.44,2050,212
RINCON_ISLAND,US,34.35,-119.44,2060,280
RINCON_ISLAND,US,34.35,-119.44,2070,366
RINCON_ISLAND,US,34.35,-119.44,2080,462
RINCON_ISLAND,US,34.35,-119.44,2090,578
RINCON_ISLAND,US,34.35,-119.44,2100,700
RINCON_ISLAND,US,34.35,-119.44,2110,780
RINCON_ISLAND,US,34.35,-119.44,2120,891
RINCON_ISLAND,US,34.35,-119.44,2130,1001
RINCON_ISLAND,US,34.35,-119.44,2140,1106
RINCON_ISLAND,US,34.35,-119.44,2150,1205
SEATTLE,US,47.6,-122.34,2020,43
SEATTLE,US,47.6,-122.34,2030,76
SEATTLE,US,47.6,-122.34,2040,121
SEATTLE,US,47.6,-122.34,2050,183
SEATTLE,US,47.6,-122.34,2060,246
SEATTLE,US,47.6,-122.34,2070,324
SEATTLE,US,47.6,-122.34,2080,418
SEATTLE,US,47.6,-122.34,2090,528
SEATTLE,US,47.6,-122.34,2100,638
SEATTLE,US,47.6,-122.34,2110,705
SEATTLE,US,47.6,-122.34,2120,808
SEATTLE,US,47.6,-122.34,2130,907
SEATTLE,US,47.6,-122.34,2140,1003
SEATTLE,US,47.6,-122.34,2150,1096
PHILADELPHIA,US,39.93,-75.14,2020,79
PHILADELPHIA,US,39.93,-75.14,2030,148
PHILADELPHIA,US,39.93,-75.14,2040,228
PHILADELPHIA,US,39.93,-75.14,2050,316
PHILADELPHIA,US,39.93,-75.14,2060,406
PHILADELPHIA,US,39.93,-75.14,2070,512
PHILADELPHIA,US,39.93,-75.14,2080,625
PHILADELPHIA,US,39.93,-75.14,2090,753
PHILADELPHIA,US,39.93,-75.14,2100,884
PHILADELPHIA,US,39.93,-75.14,2110,974
PHILADELPHIA,US,39.93,-75.14,2120,1101
PHILADELPHIA,US,39.93,-75.14,2130,1224
PHILADELPHIA,US,39.93,-75.14,2140,1340
PHILADELPHIA,US,39.93,-75.14,2150,1453
NEW_LONDON,US,41.36,-72.09,2020,80
NEW_LONDON,US,41.36,-72.09,2030,145
NEW_LONDON,US,41.36,-72.09,2040,226
NEW_LONDON,US,41.36,-72.09,2050,316
NEW_LONDON,US,41.36,-72.09,2060,408
NEW_LONDON,US,41.36,-72.09,2070,516
NEW_LONDON,US,41.36,-72.09,2080,636
NEW_LONDON,US,41.36,-72.09,2090,768
NEW_LONDON,US,41.36,-72.09,2100,898
NEW_LONDON,US,41.36,-72.09,2110,986
NEW_LONDON,US,41.36,-72.09,2120,1113
NEW_LONDON,US,41.36,-72.09,2130,1238
NEW_LONDON,US,41.36,-72.09,2140,1355
NEW_LONDON,US,41.36,-72.09,2150,1470
BALTIMORE,US,39.27,-76.58,2020,79
BALTIMORE,US,39.27,-76.58,2030,150
BALTIMORE,US,39.27,-76.58,2040,229
BALTIMORE,US,39.27,-76.58,2050,317
BALTIMORE,US,39.27,-76.58,2060,406
BALTIMORE,US,39.27,-76.58,2070,512
BALTIMORE,US,39.27,-76.58,2080,623
BALTIMORE,US,39.27,-76.58,2090,749
BALTIMORE,US,39.27,-76.58,2100,879
BALTIMORE,US,39.27,-76.58,2110,970
BALTIMORE,US,39.27,-76.58,2120,1097
BALTIMORE,US,39.27,-76.58,2130,1220
BALTIMORE,US,39.27,-76.58,2140,1337
BALTIMORE,US,39.27,-76.58,2150,1448
HONOLULU,US,21.31,-157.87,2020,64
HONOLULU,US,21.31,-157.87,2030,119
HONOLULU,US,21.31,-157.87,2040,178
HONOLULU,US,21.31,-157.87,2050,266
HONOLULU,US,21.31,-157.87,2060,358
HONOLULU,US,21.31,-157.87,2070,470
HONOLULU,US,21.31,-157.87,2080,592
HONOLULU,US,21.31,-157.87,2090,736
HONOLULU,US,21.31,-157.87,2100,896
HONOLULU,US,21.31,-157.87,2110,1008
HONOLULU,US,21.31,-157.87,2120,1150
HONOLULU,US,21.31,-157.87,2130,1285
HONOLULU,US,21.31,-157.87,2140,1415
HONOLULU,US,21.31,-157.87,2150,1538
SAN_DIEGO,US,32.71,-117.17,2020,49
SAN_DIEGO,US,32.71,-117.17,2030,92
SAN_DIEGO,US,32.71,-117.17,2040,145
SAN_DIEGO,US,32.71,-117.17,2050,212
SAN_DIEGO,US,32.71,-117.17,2060,278
SAN_DIEGO,US,32.71,-117.17,2070,364
SAN_DIEGO,US,32.71,-117.17,2080,460
SAN_DIEGO,US,32.71,-117.17,2090,576
SAN_DIEGO,US,32.71,-117.17,2100,698
SAN_DIEGO,US,32.71,-117.17,2110,778
SAN_DIEGO,US,32.71,-117.17,2120,890
SAN_DIEGO,US,32.71,-117.17,2130,1000
SAN_DIEGO,US,32.71,-117.17,2140,1104
SAN_DIEGO,US,32.71,-117.17,2150,1204
QUEBEC,CA,46.83,-71.17,2020,23
QUEBEC,CA,46.83,-71.17,2030,38
QUEBEC,CA,46.83,-71.17,2040,54
QUEBEC,CA,46.83,-71.17,2050,69
QUEBEC,CA,46.83,-71.17,2060,84
QUEBEC,CA,46.83,-71.17,2070,99
QUEBEC,CA,46.83,-71.17,2080,115
QUEBEC,CA,46.83,-71.17,2090,130
QUEBEC,CA,46.83,-71.17,2100,145
QUEBEC,CA,46.83,-71.17,2110,161
QUEBEC,CA,46.83,-71.17,2120,176
QUEBEC,CA,46.83,-71.17,2130,191
QUEBEC,CA,46.83,-71.17,2140,207
QUEBEC,CA,46.83,-71.17,2150,222
HALIFAX,CA,44.67,-63.58,2020,79
HALIFAX,CA,44.67,-63.58,2030,146
HALIFAX,CA,44.67,-63.58,2040,225
HALIFAX,CA,44.67,-63.58,2050,315
HALIFAX,CA,44.67,-63.58,2060,406
HALIFAX,CA,44.67,-63.58,2070,512
HALIFAX,CA,44.67,-63.58,2080,630
HALIFAX,CA,44.67,-63.58,2090,762
HALIFAX,CA,44.67,-63.58,2100,894
HALIFAX,CA,44.67,-63.58,2110,977
HALIFAX,CA,44.67,-63.58,2120,1100
HALIFAX,CA,44.67,-63.58,2130,1220
HALIFAX,CA,44.67,-63.58,2140,1336
HALIFAX,CA,44.67,-63.58,2150,1447
VANCOUVER,CA,49.28,-123.12,2020,34
VANCOUVER,CA,49.28,-123.12,2030,58
VANCOUVER,CA,49.28,-123.12,2040,96
VANCOUVER,CA,49.28,-123.12,2050,148
VANCOUVER,CA,49.28,-123.12,2060,208
VANCOUVER,CA,49.28,-123.12,2070,278
VANCOUVER,CA,49.28,-123.12,2080,368
VANCOUVER,CA,49.28,-123.12,2090,472
VANCOUVER,CA,49.28,-123.12,2100,580
VANCOUVER,CA,49.28,-123.12,2110,640
VANCOUVER,CA,49.28,-123.12,2120,737
VANCOUVER,CA,49.28,-123.12,2130,832
VANCOUVER,CA,49.28,-123.12,2140,924
VANCOUVER,CA,49.28,-123.12,2150,1014
PORT-SAINT-FRANCOIS,CA,46.27,-72.62,2020,15
PORT-SAINT-FRANCOIS,CA,46.27,-72.62,2030,24
PORT-SAINT-FRANCOIS,CA,46.27,-72.62,2040,34
PORT-SAINT-FRANCOIS,CA,46.27,-72.62,2050,44
PORT-SAINT-FRANCOIS,CA,46.27,-72.62,2060,53
PORT-SAINT-FRANCOIS,CA,46.27,-72.62,2070,63
PORT-SAINT-FRANCOIS,CA,46.27,-72.62,2080,73
PORT-SAINT-FRANCOIS,CA,46.27,-72.62,2090,82
PORT-SAINT-FRANCOIS,CA,46.27,-72.62,2100,92
PORT-SAINT-FRANCOIS,CA,46.27,-72.62,2110,102
PORT-SAINT-FRANCOIS,CA,46.27,-72.62,2120,112
PORT-SAINT-FRANCOIS,CA,46.27,-72.62,2130,121
PORT-SAINT-FRANCOIS,CA,46.27,-72.62,2140,131
PORT-SAINT-FRANCOIS,CA,46.27,-72.62,2150,141
OSAKA,JP,34.66,135.43,2020,57
OSAKA,JP,34.66,135.43,2030,117
OSAKA,JP,34.66,135.43,2040,185
OSAKA,JP,34.66,135.43,2050,268
OSAKA,JP,34.66,135.43,2060,354
OSAKA,JP,34.66,135.43,2070,461
OSAKA,JP,34.66,135.43,2080,580
OSAKA,JP,34.66,135.43,2090,720
OSAKA,JP,34.66,135.43,2100,874
OSAKA,JP,34.66,135.43,2110,982
OSAKA,JP,34.66,135.43,2120,1120
OSAKA,JP,34.66,135.43,2130,1252
OSAKA,JP,34.66,135.43,2140,1379
OSAKA,JP,34.66,135.43,2150,1502
HIROSIMA,JP,34.35,132.46,2020,58
HIROSIMA,JP,34.35,132.46,2030,114
HIROSIMA,JP,34.35,132.46,2040,179
HIROSIMA,JP,34.35,132.46,2050,264
HIROSIMA,JP,34.35,132.46,2060,350
HIROSIMA,JP,34.35,132.46,2070,456
HIROSIMA,JP,34.35,132.46,2080,576
HIROSIMA,JP,34.35,132.46,2090,718
HIROSIMA,JP,34.35,132.46,2100,872
HIROSIMA,JP,34.35,132.46,2110,979
HIROSIMA,JP,34.35,132.46,2120,1117
HIROSIMA,JP,34.35,132.46,2130,1250
HIROSIMA,JP,34.35,132.46,2140,1377
HIROSIMA,JP,34.35,132.46,2150,1499
TOKYO_III,JP,35.65,139.77,2020,58
TOKYO_III,JP,35.65,139.77,2030,120
TOKYO_III,JP,35.65,139.77,2040,190
TOKYO_III,JP,35.65,139.77,2050,276
TOKYO_III,JP,35.65,139.77,2060,362
TOKYO_III,JP,35.65,139.77,2070,474
TOKYO_III,JP,35.65,139.77,2080,600
TOKYO_III,JP,35.65,139.77,2090,742
TOKYO_III,JP,35.65,139.77,2100,902
TOKYO_III,JP,35.65,139.77,2110,1012
TOKYO_III,JP,35.65,139.77,2120,1154
TOKYO_III,JP,35.65,139.77,2130,1290
TOKYO_III,JP,35.65,139.77,2140,1420
TOKYO_III,JP,35.65,139.77,2150,1546
OKINAWA,JP,26.18,127.82,2020,58
OKINAWA,JP,26.18,127.82,2030,117
OKINAWA,JP,26.18,127.82,2040,182
OKINAWA,JP,26.18,127.82,2050,269
OKINAWA,JP,26.18,127.82,2060,356
OKINAWA,JP,26.18,127.82,2070,463
OKINAWA,JP,26.18,127.82,2080,581
OKINAWA,JP,26.18,127.82,2090,720
OKINAWA,JP,26.18,127.82,2100,871
OKINAWA,JP,26.18,127.82,2110,980
OKINAWA,JP,26.18,127.82,2120,1119
OKINAWA,JP,26.18,127.82,2130,1252
OKINAWA,JP,26.18,127.82,2140,1380
OKINAWA,JP,26.18,127.82,2150,1502
NAGASAKI,JP,32.73,129.87,2020,56
NAGASAKI,JP,32.73,129.87,2030,114
NAGASAKI,JP,32.73,129.87,2040,181
NAGASAKI,JP,32.73,129.87,2050,266
NAGASAKI,JP,32.73,129.87,2060,352
NAGASAKI,JP,32.73,129.87,2070,458
NAGASAKI,JP,32.73,129.87,2080,578
NAGASAKI,JP,32.73,129.87,2090,721
NAGASAKI,JP,32.73,129.87,2100,878
NAGASAKI,JP,32.73,129.87,2110,986
NAGASAKI,JP,32.73,129.87,2120,1125
NAGASAKI,JP,32.73,129.87,2130,1259
NAGASAKI,JP,32.73,129.87,2140,1388
NAGASAKI,JP,32.73,129.87,2150,1510
HACHINOHE_I,JP,40.53,141.53,2020,50
HACHINOHE_I,JP,40.53,141.53,2030,108
HACHINOHE_I,JP,40.53,141.53,2040,176
HACHINOHE_I,JP,40.53,141.53,2050,256
HACHINOHE_I,JP,40.53,141.53,2060,340
HACHINOHE_I,JP,40.53,141.53,2070,450
HACHINOHE_I,JP,40.53,141.53,2080,576
HACHINOHE_I,JP,40.53,141.53,2090,726
HACHINOHE_I,JP,40.53,141.53,2100,890
HACHINOHE_I,JP,40.53,141.53,2110,996
HACHINOHE_I,JP,40.53,141.53,2120,1135
HACHINOHE_I,JP,40.53,141.53,2130,1270
HACHINOHE_I,JP,40.53,141.53,2140,1398
HACHINOHE_I,JP,40.53,141.53,2150,1522
HAKODATE_I,JP,41.78,140.72,2020,52
HAKODATE_I,JP,41.78,140.72,2030,103
HAKODATE_I,JP,41.78,140.72,2040,166
HAKODATE_I,JP,41.78,140.72,2050,244
HAKODATE_I,JP,41.78,140.72,2060,326
HAKODATE_I,JP,41.78,140.72,2070,430
HAKODATE_I,JP,41.78,140.72,2080,547
HAKODATE_I,JP,41.78,140.72,2090,686
HAKODATE_I,JP,41.78,140.72,2100,837
HAKODATE_I,JP,41.78,140.72,2110,938
HAKODATE_I,JP,41.78,140.72,2120,1072
HAKODATE_I,JP,41.78,140.72,2130,1200
HAKODATE_I,JP,41.78,140.72,2140,1322
HAKODATE_I,JP,41.78,140.72,2150,1441
SAKAI,JP,35.55,133.24,2020,58
SAKAI,JP,35.55,133.24,2030,114
SAKAI,JP,35.55,133.24,2040,180
SAKAI,JP,35.55,133.24,2050,264
SAKAI,JP,35.55,133.24,2060,350
SAKAI,JP,35.55,133.24,2070,457
SAKAI,JP,35.55,133.24,2080,578
SAKAI,JP,35.55,133.24,2090,720
SAKAI,JP,35.55,133.24,2100,875
SAKAI,JP,35.55,133.24,2110,983
SAKAI,JP,35.55,133.24,2120,1120
SAKAI,JP,35.55,133.24,2130,1254
SAKAI,JP,35.55,133.24,2140,1382
SAKAI,JP,35.55,133.24,2150,1504
KUSHIRO,JP,42.98,144.37,2020,46
KUSHIRO,JP,42.98,144.37,2030,98
KUSHIRO,JP,42.98,144.37,2040,160
KUSHIRO,JP,42.98,144.37,2050,236
KUSHIRO,JP,42.98,144.37,2060,317
KUSHIRO,JP,42.98,144.37,2070,421
KUSHIRO,JP,42.98,144.37,2080,538
KUSHIRO,JP,42.98,144.37,2090,682
KUSHIRO,JP,42.98,144.37,2100,844
KUSHIRO,JP,42.98,144.37,2110,944
KUSHIRO,JP,42.98,144.37,2120,1078
KUSHIRO,JP,42.98,144.37,2130,1206
KUSHIRO,JP,42.98,144.37,2140,1330
KUSHIRO,JP,42.98,144.37,2150,1448
NAGOYA,JP,35.08,136.88,2020,56
NAGOYA,JP,35.08,136.88,2030,119
NAGOYA,JP,35.08,136.88,2040,188
NAGOYA,JP,35.08,136.88,2050,268
NAGOYA,JP,35.08,136.88,2060,353
NAGOYA,JP,35.08,136.88,2070,463
NAGOYA,JP,35.08,136.88,2080,581
NAGOYA,JP,35.08,136.88,2090,720
NAGOYA,JP,35.08,136.88,2100,873
NAGOYA,JP,35.08,136.88,2110,980
NAGOYA,JP,35.08,136.88,2120,1118
NAGOYA,JP,35.08,136.88,2130,1250
NAGOYA,JP,35.08,136.88,2140,1377
NAGOYA,JP,35.08,136.88,2150,1498
NAHA,JP,26.21,127.67,2020,58
NAHA,JP,26.21,127.67,2030,118
NAHA,JP,26.21,127.67,2040,182
NAHA,JP,26.21,127.67,2050,270
NAHA,JP,26.21,127.67,2060,356
NAHA,JP,26.21,127.67,2070,462
NAHA,JP,26.21,127.67,2080,581
NAHA,JP,26.21,127.67,2090,720
NAHA,JP,26.21,127.67,2100,872
NAHA,JP,26.21,127.67,2110,980
NAHA,JP,26.21,127.67,2120,1120
NAHA,JP,26.21,127.67,2130,1254
NAHA,JP,26.21,127.67,2140,1380
NAHA,JP,26.21,127.67,2150,1504
ALGECIRAS,ES,36.12,-5.43,2020,64
ALGECIRAS,ES,36.12,-5.43,2030,116
ALGECIRAS,ES,36.12,-5.43,2040,178
ALGECIRAS,ES,36.12,-5.43,2050,254
ALGECIRAS,ES,36.12,-5.43,2060,332
ALGECIRAS,ES,36.12,-5.43,2070,426
ALGECIRAS,ES,36.12,-5.43,2080,530
ALGECIRAS,ES,36.12,-5.43,2090,652
ALGECIRAS,ES,36.12,-5.43,2100,786
ALGECIRAS,ES,36.12,-5.43,2110,870
ALGECIRAS,ES,36.12,-5.43,2120,990
ALGECIRAS,ES,36.12,-5.43,2130,1106
ALGECIRAS,ES,36.12,-5.43,2140,1216
ALGECIRAS,ES,36.12,-5.43,2150,1320
BILBAO,ES,43.35,-3.05,2020,62
BILBAO,ES,43.35,-3.05,2030,111
BILBAO,ES,43.35,-3.05,2040,172
BILBAO,ES,43.35,-3.05,2050,247
BILBAO,ES,43.35,-3.05,2060,324
BILBAO,ES,43.35,-3.05,2070,416
BILBAO,ES,43.35,-3.05,2080,520
BILBAO,ES,43.35,-3.05,2090,641
BILBAO,ES,43.35,-3.05,2100,771
BILBAO,ES,43.35,-3.05,2110,846
BILBAO,ES,43.35,-3.05,2120,961
BILBAO,ES,43.35,-3.05,2130,1072
BILBAO,ES,43.35,-3.05,2140,1178
BILBAO,ES,43.35,-3.05,2150,1280
ALICANTE,ES,38.34,-0.48,2020,64
ALICANTE,ES,38.34,-0.48,2030,116
ALICANTE,ES,38.34,-0.48,2040,176
ALICANTE,ES,38.34,-0.48,2050,248
ALICANTE,ES,38.34,-0.48,2060,324
ALICANTE,ES,38.34,-0.48,2070,414
ALICANTE,ES,38.34,-0.48,2080,514
ALICANTE,ES,38.34,-0.48,2090,635
ALICANTE,ES,38.34,-0.48,2100,768
ALICANTE,ES,38.34,-0.48,2110,848
ALICANTE,ES,38.34,-0.48,2120,966
ALICANTE,ES,38.34,-0.48,2130,1080
ALICANTE,ES,38.34,-0.48,2140,1188
ALICANTE,ES,38.34,-0.48,2150,1292
BARCELONA,ES,41.34,2.17,2020,63
BARCELONA,ES,41.34,2.17,2030,114
BARCELONA,ES,41.34,2.17,2040,172
BARCELONA,ES,41.34,2.17,2050,241
BARCELONA,ES,41.34,2.17,2060,318
BARCELONA,ES,41.34,2.17,2070,406
BARCELONA,ES,41.34,2.17,2080,506
BARCELONA,ES,41.34,2.17,2090,626
BARCELONA,ES,41.34,2.17,2100,758
BARCELONA,ES,41.34,2.17,2110,835
BARCELONA,ES,41.34,2.17,2120,951
BARCELONA,ES,41.34,2.17,2130,1062
BARCELONA,ES,41.34,2.17,2140,1168
BARCELONA,ES,41.34,2.17,2150,1270
MALAGA,ES,36.71,-4.42,2020,63
MALAGA,ES,36.71,-4.42,2030,114
MALAGA,ES,36.71,-4.42,2040,176
MALAGA,ES,36.71,-4.42,2050,250
MALAGA,ES,36.71,-4.42,2060,328
MALAGA,ES,36.71,-4.42,2070,420
MALAGA,ES,36.71,-4.42,2080,522
MALAGA,ES,36.71,-4.42,2090,642
MALAGA,ES,36.71,-4.42,2100,774
MALAGA,ES,36.71,-4.42,2110,854
MALAGA,ES,36.71,-4.42,2120,972
MALAGA,ES,36.71,-4.42,2130,1087
MALAGA,ES,36.71,-4.42,2140,1196
MALAGA,ES,36.71,-4.42,2150,1300
GIJON_II,ES,43.56,-5.7,2020,63
GIJON_II,ES,43.56,-5.7,2030,112
GIJON_II,ES,43.56,-5.7,2040,174
GIJON_II,ES,43.56,-5.7,2050,249
GIJON_II,ES,43.56,-5.7,2060,327
GIJON_II,ES,43.56,-5.7,2070,419
GIJON_II,ES,43.56,-5.7,2080,524
GIJON_II,ES,43.56,-5.7,2090,646
GIJON_II,ES,43.56,-5.7,2100,776
GIJON_II,ES,43.56,-5.7,2110,850
GIJON_II,ES,43.56,-5.7,2120,966
GIJON_II,ES,43.56,-5.7,2130,1078
GIJON_II,ES,43.56,-5.7,2140,1183
GIJON_II,ES,43.56,-5.7,2150,1285
SANTANDER_I,ES,43.46,-3.79,2020,62
SANTANDER_I,ES,43.46,-3.79,2030,112
SANTANDER_I,ES,43.46,-3.79,2040,172
SANTANDER_I,ES,43.46,-3.79,2050,248
SANTANDER_I,ES,43.46,-3.79,2060,326
SANTANDER_I,ES,43.46,-3.79,2070,417
SANTANDER_I,ES,43.46,-3.79,2080,522
SANTANDER_I,ES,43.46,-3.79,2090,643
SANTANDER_I,ES,43.46,-3.79,2100,774
SANTANDER_I,ES,43.46,-3.79,2110,848
SANTANDER_I,ES,43.46,-3.79,2120,964
SANTANDER_I,ES,43.46,-3.79,2130,1075
SANTANDER_I,ES,43.46,-3.79,2140,1182
SANTANDER_I,ES,43.46,-3.79,2150,1282
GIBRALTAR,ES,36.15,-5.36,2020,64
GIBRALTAR,ES,36.15,-5.36,2030,116
GIBRALTAR,ES,36.15,-5.36,2040,178
GIBRALTAR,ES,36.15,-5.36,2050,254
GIBRALTAR,ES,36.15,-5.36,2060,332
GIBRALTAR,ES,36.15,-5.36,2070,426
GIBRALTAR,ES,36.15,-5.36,2080,530
GIBRALTAR,ES,36.15,-5.36,2090,652
GIBRALTAR,ES,36.15,-5.36,2100,786
GIBRALTAR,ES,36.15,-5.36,2110,869
GIBRALTAR,ES,36.15,-5.36,2120,988
GIBRALTAR,ES,36.15,-5.36,2130,1104
GIBRALTAR,ES,36.15,-5.36,2140,1214
GIBRALTAR,ES,36.15,-5.36,2150,1320
BONANZA,ES,36.8,-6.34,2020,64
BONANZA,ES,36.8,-6.34,2030,115
BONANZA,ES,36.8,-6.34,2040,178
BONANZA,ES,36.8,-6.34,2050,254
BONANZA,ES,36.8,-6.34,2060,332
BONANZA,ES,36.8,-6.34,2070,426
BONANZA,ES,36.8,-6.34,2080,530
BONANZA,ES,36.8,-6.34,2090,652
BONANZA,ES,36.8,-6.34,2100,786
BONANZA,ES,36.8,-6.34,2110,869
BONANZA,ES,36.8,-6.34,2120,988
BONANZA,ES,36.8,-6.34,2130,1104
BONANZA,ES,36.8,-6.34,2140,1214
BONANZA,ES,36.8,-6.34,2150,1318
ALMERIA,ES,36.83,-2.48,2020,64
ALMERIA,ES,36.83,-2.48,2030,115
ALMERIA,ES,36.83,-2.48,2040,176
ALMERIA,ES,36.83,-2.48,2050,250
ALMERIA,ES,36.83,-2.48,2060,326
ALMERIA,ES,36.83,-2.48,2070,418
ALMERIA,ES,36.83,-2.48,2080,518
ALMERIA,ES,36.83,-2.48,2090,638
ALMERIA,ES,36.83,-2.48,2100,768
ALMERIA,ES,36.83,-2.48,2110,850
ALMERIA,ES,36.83,-2.48,2120,967
ALMERIA,ES,36.83,-2.48,2130,1081
ALMERIA,ES,36.83,-2.48,2140,1189
ALMERIA,ES,36.83,-2.48,2150,1294
CADIZ_II,ES,36.53,-6.31,2020,64
CADIZ_II,ES,36.53,-6.31,2030,116
CADIZ_II,ES,36.53,-6.31,2040,178
CADIZ_II,ES,36.53,-6.31,2050,255
CADIZ_II,ES,36.53,-6.31,2060,334
CADIZ_II,ES,36.53,-6.31,2070,428
CADIZ_II,ES,36.53,-6.31,2080,532
CADIZ_II,ES,36.53,-6.31,2090,654
CADIZ_II,ES,36.53,-6.31,2100,790
CADIZ_II,ES,36.53,-6.31,2110,872
CADIZ_II,ES,36.53,-6.31,2120,992
CADIZ_II,ES,36.53,-6.31,2130,1108
CADIZ_II,ES,36.53,-6.31,2140,1218
CADIZ_II,ES,36.53,-6.31,2150,1324
VALENCIA,ES,39.44,-0.31,2020,64
VALENCIA,ES,39.44,-0.31,2030,116
VALENCIA,ES,39.44,-0.31,2040,176
VALENCIA,ES,39.44,-0.31,2050,247
VALENCIA,ES,39.44,-0.31,2060,324
VALENCIA,ES,39.44,-0.31,2070,412
VALENCIA,ES,39.44,-0.31,2080,512
VALENCIA,ES,39.44,-0.31,2090,634
VALENCIA,ES,39.44,-0.31,2100,768
VALENCIA,ES,39.44,-0.31,2110,847
VALENCIA,ES,39.44,-0.31,2120,963
VALENCIA,ES,39.44,-0.31,2130,1076
VALENCIA,ES,39.44,-0.31,2140,1184
VALENCIA,ES,39.44,-0.31,2150,1287
L'ESTARTIT,ES,42.05,3.21,2020,61
L'ESTARTIT,ES,42.05,3.21,2030,110
L'ESTARTIT,ES,42.05,3.21,2040,168
L'ESTARTIT,ES,42.05,3.21,2050,237
L'ESTARTIT,ES,42.05,3.21,2060,311
L'ESTARTIT,ES,42.05,3.21,2070,398
L'ESTARTIT,ES,42.05,3.21,2080,496
L'ESTARTIT,ES,42.05,3.21,2090,614
L'ESTARTIT,ES,42.05,3.21,2100,745
L'ESTARTIT,ES,42.05,3.21,2110,820
L'ESTARTIT,ES,42.05,3.21,2120,934
L'ESTARTIT,ES,42.05,3.21,2130,1043
L'ESTARTIT,ES,42.05,3.21,2140,1148
L'ESTARTIT,ES,42.05,3.21,2150,1249
PALMA_DE_MALLORCA,ES,39.55,2.64,2020,66
PALMA_DE_MALLORCA,ES,39.55,2.64,2030,117
PALMA_DE_MALLORCA,ES,39.55,2.64,2040,176
PALMA_DE_MALLORCA,ES,39.55,2.64,2050,248
PALMA_DE_MALLORCA,ES,39.55,2.64,2060,326
PALMA_DE_MALLORCA,ES,39.55,2.64,2070,417
PALMA_DE_MALLORCA,ES,39.55,2.64,2080,518
PALMA_DE_MALLORCA,ES,39.55,2.64,2090,643
PALMA_DE_MALLORCA,ES,39.55,2.64,2100,780
PALMA_DE_MALLORCA,ES,39.55,2.64,2110,860
PALMA_DE_MALLORCA,ES,39.55,2.64,2120,979
PALMA_DE_MALLORCA,ES,39.55,2.64,2130,1093
PALMA_DE_MALLORCA,ES,39.55,2.64,2140,1202
PALMA_DE_MALLORCA,ES,39.55,2.64,2150,1308
ABERDEEN_I,GB,57.14,-2.08,2020,72
ABERDEEN_I,GB,57.14,-2.08,2030,123
ABERDEEN_I,GB,57.14,-2.08,2040,184
ABERDEEN_I,GB,57.14,-2.08,2050,256
ABERDEEN_I,GB,57.14,-2.08,2060,328
ABERDEEN_I,GB,57.14,-2.08,2070,414
ABERDEEN_I,GB,57.14,-2.08,2080,510
ABERDEEN_I,GB,57.14,-2.08,2090,618
ABERDEEN_I,GB,57.14,-2.08,2100,747
ABERDEEN_I,GB,57.14,-2.08,2110,794
ABERDEEN_I,GB,57.14,-2.08,2120,897
ABERDEEN_I,GB,57.14,-2.08,2130,996
ABERDEEN_I,GB,57.14,-2.08,2140,1092
ABERDEEN_I,GB,57.14,-2.08,2150,1186
BOURNEMOUTH,GB,50.71,-1.87,2020,61
BOURNEMOUTH,GB,50.71,-1.87,2030,110
BOURNEMOUTH,GB,50.71,-1.87,2040,169
BOURNEMOUTH,GB,50.71,-1.87,2050,242
BOURNEMOUTH,GB,50.71,-1.87,2060,315
BOURNEMOUTH,GB,50.71,-1.87,2070,403
BOURNEMOUTH,GB,50.71,-1.87,2080,504
BOURNEMOUTH,GB,50.71,-1.87,2090,620
BOURNEMOUTH,GB,50.71,-1.87,2100,748
BOURNEMOUTH,GB,50.71,-1.87,2110,810
BOURNEMOUTH,GB,50.71,-1.87,2120,918
BOURNEMOUTH,GB,50.71,-1.87,2130,1022
BOURNEMOUTH,GB,50.71,-1.87,2140,1124
BOURNEMOUTH,GB,50.71,-1.87,2150,1220
FELIXSTOWE,GB,51.96,1.35,2020,69
FELIXSTOWE,GB,51.96,1.35,2030,120
FELIXSTOWE,GB,51.96,1.35,2040,183
FELIXSTOWE,GB,51.96,1.35,2050,261
FELIXSTOWE,GB,51.96,1.35,2060,338
FELIXSTOWE,GB,51.96,1.35,2070,428
FELIXSTOWE,GB,51.96,1.35,2080,532
FELIXSTOWE,GB,51.96,1.35,2090,650
FELIXSTOWE,GB,51.96,1.35,2100,786
FELIXSTOWE,GB,51.96,1.35,2110,850
FELIXSTOWE,GB,51.96,1.35,2120,962
FELIXSTOWE,GB,51.96,1.35,2130,1071
FELIXSTOWE,GB,51.96,1.35,2140,1176
FELIXSTOWE,GB,51.96,1.35,2150,1278
WEYMOUTH,GB,50.61,-2.45,2020,61
WEYMOUTH,GB,50.61,-2.45,2030,109
WEYMOUTH,GB,50.61,-2.45,2040,168
WEYMOUTH,GB,50.61,-2.45,2050,240
WEYMOUTH,GB,50.61,-2.45,2060,314
WEYMOUTH,GB,50.61,-2.45,2070,402
WEYMOUTH,GB,50.61,-2.45,2080,503
WEYMOUTH,GB,50.61,-2.45,2090,618
WEYMOUTH,GB,50.61,-2.45,2100,746
WEYMOUTH,GB,50.61,-2.45,2110,808
WEYMOUTH,GB,50.61,-2.45,2120,916
WEYMOUTH,GB,50.61,-2.45,2130,1020
WEYMOUTH,GB,50.61,-2.45,2140,1121
WEYMOUTH,GB,50.61,-2.45,2150,1217
LIVERPOOL_GEORGES_AND_PRINCES_PIERS,GB,53.4,-3,2020,63
LIVERPOOL_GEORGES_AND_PRINCES_PIERS,GB,53.4,-3,2030,112
LIVERPOOL_GEORGES_AND_PRINCES_PIERS,GB,53.4,-3,2040,171
LIVERPOOL_GEORGES_AND_PRINCES_PIERS,GB,53.4,-3,2050,242
LIVERPOOL_GEORGES_AND_PRINCES_PIERS,GB,53.4,-3,2060,314
LIVERPOOL_GEORGES_AND_PRINCES_PIERS,GB,53.4,-3,2070,401
LIVERPOOL_GEORGES_AND_PRINCES_PIERS,GB,53.4,-3,2080,498
LIVERPOOL_GEORGES_AND_PRINCES_PIERS,GB,53.4,-3,2090,608
LIVERPOOL_GEORGES_AND_PRINCES_PIERS,GB,53.4,-3,2100,732
LIVERPOOL_GEORGES_AND_PRINCES_PIERS,GB,53.4,-3,2110,786
LIVERPOOL_GEORGES_AND_PRINCES_PIERS,GB,53.4,-3,2120,890
LIVERPOOL_GEORGES_AND_PRINCES_PIERS,GB,53.4,-3,2130,990
LIVERPOOL_GEORGES_AND_PRINCES_PIERS,GB,53.4,-3,2140,1088
LIVERPOOL_GEORGES_AND_PRINCES_PIERS,GB,53.4,-3,2150,1181
BIRKENHEAD,GB,53.4,-3.02,2020,63
BIRKENHEAD,GB,53.4,-3.02,2030,112
BIRKENHEAD,GB,53.4,-3.02,2040,171
BIRKENHEAD,GB,53.4,-3.02,2050,242
BIRKENHEAD,GB,53.4,-3.02,2060,314
BIRKENHEAD,GB,53.4,-3.02,2070,401
BIRKENHEAD,GB,53.4,-3.02,2080,498
BIRKENHEAD,GB,53.4,-3.02,2090,608
BIRKENHEAD,GB,53.4,-3.02,2100,731
BIRKENHEAD,GB,53.4,-3.02,2110,786
BIRKENHEAD,GB,53.4,-3.02,2120,890
BIRKENHEAD,GB,53.4,-3.02,2130,990
BIRKENHEAD,GB,53.4,-3.02,2140,1088
BIRKENHEAD,GB,53.4,-3.02,2150,1181
KIEL-HOLTENAU,DE,54.37,10.16,2020,71
KIEL-HOLTENAU,DE,54.37,10.16,2030,126
KIEL-HOLTENAU,DE,54.37,10.16,2040,193
KIEL-HOLTENAU,DE,54.37,10.16,2050,270
KIEL-HOLTENAU,DE,54.37,10.16,2060,348
KIEL-HOLTENAU,DE,54.37,10.16,2070,441
KIEL-HOLTENAU,DE,54.37,10.16,2080,546
KIEL-HOLTENAU,DE,54.37,10.16,2090,664
KIEL-HOLTENAU,DE,54.37,10.16,2100,800
KIEL-HOLTENAU,DE,54.37,10.16,2110,866
KIEL-HOLTENAU,DE,54.37,10.16,2120,979
KIEL-HOLTENAU,DE,54.37,10.16,2130,1090
KIEL-HOLTENAU,DE,54.37,10.16,2140,1196
KIEL-HOLTENAU,DE,54.37,10.16,2150,1300
WARNEMUNDE_2,DE,54.17,12.1,2020,71
WARNEMUNDE_2,DE,54.17,12.1,2030,128
WARNEMUNDE_2,DE,54.17,12.1,2040,197
WARNEMUNDE_2,DE,54.17,12.1,2050,274
WARNEMUNDE_2,DE,54.17,12.1,2060,354
WARNEMUNDE_2,DE,54.17,12.1,2070,448
WARNEMUNDE_2,DE,54.17,12.1,2080,556
WARNEMUNDE_2,DE,54.17,12.1,2090,676
WARNEMUNDE_2,DE,54.17,12.1,2100,810
WARNEMUNDE_2,DE,54.17,12.1,2110,878
WARNEMUNDE_2,DE,54.17,12.1,2120,994
WARNEMUNDE_2,DE,54.17,12.1,2130,1106
WARNEMUNDE_2,DE,54.17,12.1,2140,1214
WARNEMUNDE_2,DE,54.17,12.1,2150,1319
GDANSK/NOWY_PORT,PL,54.4,18.68,2020,73
GDANSK/NOWY_PORT,PL,54.4,18.68,2030,131
GDANSK/NOWY_PORT,PL,54.4,18.68,2040,202
GDANSK/NOWY_PORT,PL,54.4,18.68,2050,279
GDANSK/NOWY_PORT,PL,54.4,18.68,2060,360
GDANSK/NOWY_PORT,PL,54.4,18.68,2070,458
GDANSK/NOWY_PORT,PL,54.4,18.68,2080,568
GDANSK/NOWY_PORT,PL,54.4,18.68,2090,693
GDANSK/NOWY_PORT,PL,54.4,18.68,2100,828
GDANSK/NOWY_PORT,PL,54.4,18.68,2110,900
GDANSK/NOWY_PORT,PL,54.4,18.68,2120,1018
GDANSK/NOWY_PORT,PL,54.4,18.68,2130,1132
GDANSK/NOWY_PORT,PL,54.4,18.68,2140,1244
GDANSK/NOWY_PORT,PL,54.4,18.68,2150,1352
VLISSINGEN,NL,51.44,3.6,2020,66
VLISSINGEN,NL,51.44,3.6,2030,116
VLISSINGEN,NL,51.44,3.6,2040,178
VLISSINGEN,NL,51.44,3.6,2050,256
VLISSINGEN,NL,51.44,3.6,2060,334
VLISSINGEN,NL,51.44,3.6,2070,424
VLISSINGEN,NL,51.44,3.6,2080,527
VLISSINGEN,NL,51.44,3.6,2090,646
VLISSINGEN,NL,51.44,3.6,2100,784
VLISSINGEN,NL,51.44,3.6,2110,850
VLISSINGEN,NL,51.44,3.6,2120,962
VLISSINGEN,NL,51.44,3.6,2130,1071
VLISSINGEN,NL,51.44,3.6,2140,1176
VLISSINGEN,NL,51.44,3.6,2150,1278
MAASSLUIS,NL,51.92,4.25,2020,66
MAASSLUIS,NL,51.92,4.25,2030,114
MAASSLUIS,NL,51.92,4.25,2040,177
MAASSLUIS,NL,51.92,4.25,2050,256
MAASSLUIS,NL,51.92,4.25,2060,334
MAASSLUIS,NL,51.92,4.25,2070,422
MAASSLUIS,NL,51.92,4.25,2080,525
MAASSLUIS,NL,51.92,4.25,2090,644
MAASSLUIS,NL,51.92,4.25,2100,782
MAASSLUIS,NL,51.92,4.25,2110,847
MAASSLUIS,NL,51.92,4.25,2120,959
MAASSLUIS,NL,51.92,4.25,2130,1068
MAASSLUIS,NL,51.92,4.25,2140,1172
MAASSLUIS,NL,51.92,4.25,2150,1274
IJMUIDEN,NL,52.46,4.55,2020,67
IJMUIDEN,NL,52.46,4.55,2030,116
IJMUIDEN,NL,52.46,4.55,2040,179
IJMUIDEN,NL,52.46,4.55,2050,258
IJMUIDEN,NL,52.46,4.55,2060,336
IJMUIDEN,NL,52.46,4.55,2070,424
IJMUIDEN,NL,52.46,4.55,2080,527
IJMUIDEN,NL,52.46,4.55,2090,646
IJMUIDEN,NL,52.46,4.55,2100,782
IJMUIDEN,NL,52.46,4.55,2110,847
IJMUIDEN,NL,52.46,4.55,2120,959
IJMUIDEN,NL,52.46,4.55,2130,1066
IJMUIDEN,NL,52.46,4.55,2140,1172
IJMUIDEN,NL,52.46,4.55,2150,1274
MARSEILLE,FR,43.28,5.35,2020,59
MARSEILLE,FR,43.28,5.35,2030,106
MARSEILLE,FR,43.28,5.35,2040,164
MARSEILLE,FR,43.28,5.35,2050,232
MARSEILLE,FR,43.28,5.35,2060,305
MARSEILLE,FR,43.28,5.35,2070,390
MARSEILLE,FR,43.28,5.35,2080,488
MARSEILLE,FR,43.28,5.35,2090,603
MARSEILLE,FR,43.28,5.35,2100,731
MARSEILLE,FR,43.28,5.35,2110,804
MARSEILLE,FR,43.28,5.35,2120,916
MARSEILLE,FR,43.28,5.35,2130,1024
MARSEILLE,FR,43.28,5.35,2140,1127
MARSEILLE,FR,43.28,5.35,2150,1226
BOULOGNE,FR,50.73,1.58,2020,66
BOULOGNE,FR,50.73,1.58,2030,116
BOULOGNE,FR,50.73,1.58,2040,178
BOULOGNE,FR,50.73,1.58,2050,254
BOULOGNE,FR,50.73,1.58,2060,330
BOULOGNE,FR,50.73,1.58,2070,422
BOULOGNE,FR,50.73,1.58,2080,524
BOULOGNE,FR,50.73,1.58,2090,644
BOULOGNE,FR,50.73,1.58,2100,778
BOULOGNE,FR,50.73,1.58,2110,844
BOULOGNE,FR,50.73,1.58,2120,956
BOULOGNE,FR,50.73,1.58,2130,1065
BOULOGNE,FR,50.73,1.58,2140,1170
BOULOGNE,FR,50.73,1.58,2150,1270
ST. NAZAIRE,FR,47.27,-2.2,2020,60
ST. NAZAIRE,FR,47.27,-2.2,2030,106
ST. NAZAIRE,FR,47.27,-2.2,2040,164
ST. NAZAIRE,FR,47.27,-2.2,2050,236
ST. NAZAIRE,FR,47.27,-2.2,2060,310
ST. NAZAIRE,FR,47.27,-2.2,2070,399
ST. NAZAIRE,FR,47.27,-2.2,2080,499
ST. NAZAIRE,FR,47.27,-2.2,2090,616
ST. NAZAIRE,FR,47.27,-2.2,2100,742
ST. NAZAIRE,FR,47.27,-2.2,2110,810
ST. NAZAIRE,FR,47.27,-2.2,2120,919
ST. NAZAIRE,FR,47.27,-2.2,2130,1026
ST. NAZAIRE,FR,47.27,-2.2,2140,1127
ST. NAZAIRE,FR,47.27,-2.2,2150,1224
SETE,FR,43.4,3.7,2020,60
SETE,FR,43.4,3.7,2030,107
SETE,FR,43.4,3.7,2040,164
SETE,FR,43.4,3.7,2050,233
SETE,FR,43.4,3.7,2060,305
SETE,FR,43.4,3.7,2070,390
SETE,FR,43.4,3.7,2080,487
SETE,FR,43.4,3.7,2090,602
SETE,FR,43.4,3.7,2100,728
SETE,FR,43.4,3.7,2110,800
SETE,FR,43.4,3.7,2120,912
SETE,FR,43.4,3.7,2130,1019
SETE,FR,43.4,3.7,2140,1122
SETE,FR,43.4,3.7,2150,1220
PORT_VENDRES,FR,42.52,3.11,2020,61
PORT_VENDRES,FR,42.52,3.11,2030,109
PORT_VENDRES,FR,42.52,3.11,2040,166
PORT_VENDRES,FR,42.52,3.11,2050,236
PORT_VENDRES,FR,42.52,3.11,2060,309
PORT_VENDRES,FR,42.52,3.11,2070,396
PORT_VENDRES,FR,42.52,3.11,2080,493
PORT_VENDRES,FR,42.52,3.11,2090,610
PORT_VENDRES,FR,42.52,3.11,2100,739
PORT_VENDRES,FR,42.52,3.11,2110,812
PORT_VENDRES,FR,42.52,3.11,2120,926
PORT_VENDRES,FR,42.52,3.11,2130,1034
PORT_VENDRES,FR,42.52,3.11,2140,1138
PORT_VENDRES,FR,42.52,3.11,2150,1238
MONACO,MC,43.73,7.42,2020,59
MONACO,MC,43.73,7.42,2030,106
MONACO,MC,43.73,7.42,2040,162
MONACO,MC,43.73,7.42,2050,231
MONACO,MC,43.73,7.42,2060,304
MONACO,MC,43.73,7.42,2070,390
MONACO,MC,43.73,7.42,2080,486
MONACO,MC,43.73,7.42,2090,600
MONACO,MC,43.73,7.42,2100,728
MONACO,MC,43.73,7.42,2110,800
MONACO,MC,43.73,7.42,2120,912
MONACO,MC,43.73,7.42,2130,1020
MONACO,MC,43.73,7.42,2140,1124
MONACO,MC,43.73,7.42,2150,1224
BAKAR,HR,45.3,14.53,2020,53
BAKAR,HR,45.3,14.53,2030,96
BAKAR,HR,45.3,14.53,2040,146
BAKAR,HR,45.3,14.53,2050,212
BAKAR,HR,45.3,14.53,2060,280
BAKAR,HR,45.3,14.53,2070,357
BAKAR,HR,45.3,14.53,2080,446
BAKAR,HR,45.3,14.53,2090,555
BAKAR,HR,45.3,14.53,2100,681
BAKAR,HR,45.3,14.53,2110,748
BAKAR,HR,45.3,14.53,2120,855
BAKAR,HR,45.3,14.53,2130,958
BAKAR,HR,45.3,14.53,2140,1056
BAKAR,HR,45.3,14.53,2150,1152
NAPOLI,IT,40.84,14.26,2020,63
NAPOLI,IT,40.84,14.26,2030,112
NAPOLI,IT,40.84,14.26,2040,168
NAPOLI,IT,40.84,14.26,2050,239
NAPOLI,IT,40.84,14.26,2060,314
NAPOLI,IT,40.84,14.26,2070,402
NAPOLI,IT,40.84,14.26,2080,500
NAPOLI,IT,40.84,14.26,2090,616
NAPOLI,IT,40.84,14.26,2100,750
NAPOLI,IT,40.84,14.26,2110,828
NAPOLI,IT,40.84,14.26,2120,944
NAPOLI,IT,40.84,14.26,2130,1056
NAPOLI,IT,40.84,14.26,2140,1162
NAPOLI,IT,40.84,14.26,2150,1266
VENEZIA,IT,45.42,12.33,2020,55
VENEZIA,IT,45.42,12.33,2030,99
VENEZIA,IT,45.42,12.33,2040,150
VENEZIA,IT,45.42,12.33,2050,216
VENEZIA,IT,45.42,12.33,2060,284
VENEZIA,IT,45.42,12.33,2070,362
VENEZIA,IT,45.42,12.33,2080,453
VENEZIA,IT,45.42,12.33,2090,562
VENEZIA,IT,45.42,12.33,2100,687
VENEZIA,IT,45.42,12.33,2110,754
VENEZIA,IT,45.42,12.33,2120,861
VENEZIA,IT,45.42,12.33,2130,965
VENEZIA,IT,45.42,12.33,2140,1064
VENEZIA,IT,45.42,12.33,2150,1160
PALERMO,IT,38.13,13.33,2020,65
PALERMO,IT,38.13,13.33,2030,116
PALERMO,IT,38.13,13.33,2040,174
PALERMO,IT,38.13,13.33,2050,248
PALERMO,IT,38.13,13.33,2060,325
PALERMO,IT,38.13,13.33,2070,416
PALERMO,IT,38.13,13.33,2080,518
PALERMO,IT,38.13,13.33,2090,636
PALERMO,IT,38.13,13.33,2100,774
PALERMO,IT,38.13,13.33,2110,858
PALERMO,IT,38.13,13.33,2120,976
PALERMO,IT,38.13,13.33,2130,1091
PALERMO,IT,38.13,13.33,2140,1202
PALERMO,IT,38.13,13.33,2150,1308
TRIESTE,IT,45.65,13.76,2020,53
TRIESTE,IT,45.65,13.76,2030,95
TRIESTE,IT,45.65,13.76,2040,146
TRIESTE,IT,45.65,13.76,2050,210
TRIESTE,IT,45.65,13.76,2060,278
TRIESTE,IT,45.65,13.76,2070,355
TRIESTE,IT,45.65,13.76,2080,444
TRIESTE,IT,45.65,13.76,2090,552
TRIESTE,IT,45.65,13.76,2100,678
TRIESTE,IT,45.65,13.76,2110,744
TRIESTE,IT,45.65,13.76,2120,850
TRIESTE,IT,45.65,13.76,2130,953
TRIESTE,IT,45.65,13.76,2140,1051
TRIESTE,IT,45.65,13.76,2150,1145
CAGLIARI,IT,39.2,9.17,2020,64
CAGLIARI,IT,39.2,9.17,2030,114
CAGLIARI,IT,39.2,9.17,2040,174
CAGLIARI,IT,39.2,9.17,2050,247
CAGLIARI,IT,39.2,9.17,2060,324
CAGLIARI,IT,39.2,9.17,2070,414
CAGLIARI,IT,39.2,9.17,2080,516
CAGLIARI,IT,39.2,9.17,2090,636
CAGLIARI,IT,39.2,9.17,2100,770
CAGLIARI,IT,39.2,9.17,2110,850
CAGLIARI,IT,39.2,9.17,2120,968
CAGLIARI,IT,39.2,9.17,2130,1082
CAGLIARI,IT,39.2,9.17,2140,1192
CAGLIARI,IT,39.2,9.17,2150,1296
GENOVA,IT,44.4,8.9,2020,58
GENOVA,IT,44.4,8.9,2030,104
GENOVA,IT,44.4,8.9,2040,160
GENOVA,IT,44.4,8.9,2050,227
GENOVA,IT,44.4,8.9,2060,298
GENOVA,IT,44.4,8.9,2070,383
GENOVA,IT,44.4,8.9,2080,478
GENOVA,IT,44.4,8.9,2090,590
GENOVA,IT,44.4,8.9,2100,718
GENOVA,IT,44.4,8.9,2110,789
GENOVA,IT,44.4,8.9,2120,900
GENOVA,IT,44.4,8.9,2130,1006
GENOVA,IT,44.4,8.9,2140,1109
GENOVA,IT,44.4,8.9,2150,1208
CIVITAVECCHIA,IT,42.05,11.82,2020,62
CIVITAVECCHIA,IT,42.05,11.82,2030,110
CIVITAVECCHIA,IT,42.05,11.82,2040,168
CIVITAVECCHIA,IT,42.05,11.82,2050,238
CIVITAVECCHIA,IT,42.05,11.82,2060,314
CIVITAVECCHIA,IT,42.05,11.82,2070,401
CIVITAVECCHIA,IT,42.05,11.82,2080,498
CIVITAVECCHIA,IT,42.05,11.82,2090,613
CIVITAVECCHIA,IT,42.05,11.82,2100,746
CIVITAVECCHIA,IT,42.05,11.82,2110,822
CIVITAVECCHIA,IT,42.05,11.82,2120,936
CIVITAVECCHIA,IT,42.05,11.82,2130,1047
CIVITAVECCHIA,IT,42.05,11.82,2140,1154
CIVITAVECCHIA,IT,42.05,11.82,2150,1256
STOCKHOLM,SE,59.32,18.08,2020,72
STOCKHOLM,SE,59.32,18.08,2030,128
STOCKHOLM,SE,59.32,18.08,2040,197
STOCKHOLM,SE,59.32,18.08,2050,268
STOCKHOLM,SE,59.32,18.08,2060,346
STOCKHOLM,SE,59.32,18.08,2070,440
STOCKHOLM,SE,59.32,18.08,2080,544
STOCKHOLM,SE,59.32,18.08,2090,662
STOCKHOLM,SE,59.32,18.08,2100,791
STOCKHOLM,SE,59.32,18.08,2110,850
STOCKHOLM,SE,59.32,18.08,2120,958
STOCKHOLM,SE,59.32,18.08,2130,1067
STOCKHOLM,SE,59.32,18.08,2140,1172
STOCKHOLM,SE,59.32,18.08,2150,1274
GOTEBORG - TORSHAMNEN,SE,57.68,11.79,2020,72
GOTEBORG - TORSHAMNEN,SE,57.68,11.79,2030,126
GOTEBORG - TORSHAMNEN,SE,57.68,11.79,2040,192
GOTEBORG - TORSHAMNEN,SE,57.68,11.79,2050,268
GOTEBORG - TORSHAMNEN,SE,57.68,11.79,2060,343
GOTEBORG - TORSHAMNEN,SE,57.68,11.79,2070,434
GOTEBORG - TORSHAMNEN,SE,57.68,11.79,2080,536
GOTEBORG - TORSHAMNEN,SE,57.68,11.79,2090,652
GOTEBORG - TORSHAMNEN,SE,57.68,11.79,2100,784
GOTEBORG - TORSHAMNEN,SE,57.68,11.79,2110,842
GOTEBORG - TORSHAMNEN,SE,57.68,11.79,2120,951
GOTEBORG - TORSHAMNEN,SE,57.68,11.79,2130,1058
GOTEBORG - TORSHAMNEN,SE,57.68,11.79,2140,1162
GOTEBORG - TORSHAMNEN,SE,57.68,11.79,2150,1262
HELSINKI,FI,60.15,24.96,2020,73
HELSINKI,FI,60.15,24.96,2030,130
HELSINKI,FI,60.15,24.96,2040,199
HELSINKI,FI,60.15,24.96,2050,270
HELSINKI,FI,60.15,24.96,2060,349
HELSINKI,FI,60.15,24.96,2070,444
HELSINKI,FI,60.15,24.96,2080,550
HELSINKI,FI,60.15,24.96,2090,670
HELSINKI,FI,60.15,24.96,2100,801
HELSINKI,FI,60.15,24.96,2110,861
HELSINKI,FI,60.15,24.96,2120,972
HELSINKI,FI,60.15,24.96,2130,1082
HELSINKI,FI,60.15,24.96,2140,1188
HELSINKI,FI,60.15,24.96,2150,1293
OSLO,NO,59.91,10.73,2020,72
OSLO,NO,59.91,10.73,2030,126
OSLO,NO,59.91,10.73,2040,188
OSLO,NO,59.91,10.73,2050,262
OSLO,NO,59.91,10.73,2060,336
OSLO,NO,59.91,10.73,2070,422
OSLO,NO,59.91,10.73,2080,520
OSLO,NO,59.91,10.73,2090,630
OSLO,NO,59.91,10.73,2100,758
OSLO,NO,59.91,10.73,2110,810
OSLO,NO,59.91,10.73,2120,914
OSLO,NO,59.91,10.73,2130,1016
OSLO,NO,59.91,10.73,2140,1116
OSLO,NO,59.91,10.73,2150,1213
NY-ALESUND,NO,78.93,11.94,2020,-21
NY-ALESUND,NO,78.93,11.94,2030,-68
NY-ALESUND,NO,78.93,11.94,2040,-136
NY-ALESUND,NO,78.93,11.94,2050,-248
NY-ALESUND,NO,78.93,11.94,2060,-318
NY-ALESUND,NO,78.93,11.94,2070,-420
NY-ALESUND,NO,78.93,11.94,2080,-506
NY-ALESUND,NO,78.93,11.94,2090,-546
NY-ALESUND,NO,78.93,11.94,2100,-572
NY-ALESUND,NO,78.93,11.94,2110,-588
NY-ALESUND,NO,78.93,11.94,2120,-605
NY-ALESUND,NO,78.93,11.94,2130,-606
NY-ALESUND,NO,78.93,11.94,2140,-580
NY-ALESUND,NO,78.93,11.94,2150,-529
BERGEN,NO,60.4,5.32,2020,74
BERGEN,NO,60.4,5.32,2030,128
BERGEN,NO,60.4,5.32,2040,192
BERGEN,NO,60.4,5.32,2050,268
BERGEN,NO,60.4,5.32,2060,341
BERGEN,NO,60.4,5.32,2070,424
BERGEN,NO,60.4,5.32,2080,521
BERGEN,NO,60.4,5.32,2090,628
BERGEN,NO,60.4,5.32,2100,755
BERGEN,NO,60.4,5.32,2110,801
BERGEN,NO,60.4,5.32,2120,902
BERGEN,NO,60.4,5.32,2130,1002
BERGEN,NO,60.4,5.32,2140,1099
BERGEN,NO,60.4,5.32,2150,1194
NEVLUNGHAVN,NO,58.97,9.88,2020,72
NEVLUNGHAVN,NO,58.97,9.88,2030,126
NEVLUNGHAVN,NO,58.97,9.88,2040,190
NEVLUNGHAVN,NO,58.97,9.88,2050,264
NEVLUNGHAVN,NO,58.97,9.88,2060,340
NEVLUNGHAVN,NO,58.97,9.88,2070,427
NEVLUNGHAVN,NO,58.97,9.88,2080,527
NEVLUNGHAVN,NO,58.97,9.88,2090,638
NEVLUNGHAVN,NO,58.97,9.88,2100,768
NEVLUNGHAVN,NO,58.97,9.88,2110,821
NEVLUNGHAVN,NO,58.97,9.88,2120,926
NEVLUNGHAVN,NO,58.97,9.88,2130,1030
NEVLUNGHAVN,NO,58.97,9.88,2140,1131
NEVLUNGHAVN,NO,58.97,9.88,2150,1230
HARSTAD,NO,68.8,16.55,2020,71
HARSTAD,NO,68.8,16.55,2030,118
HARSTAD,NO,68.8,16.55,2040,176
HARSTAD,NO,68.8,16.55,2050,244
HARSTAD,NO,68.8,16.55,2060,314
HARSTAD,NO,68.8,16.55,2070,386
HARSTAD,NO,68.8,16.55,2080,473
HARSTAD,NO,68.8,16.55,2090,574
HARSTAD,NO,68.8,16.55,2100,690
HARSTAD,NO,68.8,16.55,2110,709
HARSTAD,NO,68.8,16.55,2120,797
HARSTAD,NO,68.8,16.55,2130,886
HARSTAD,NO,68.8,16.55,2140,973
HARSTAD,NO,68.8,16.55,2150,1060
AARHUS,DK,56.15,10.22,2020,72
AARHUS,DK,56.15,10.22,2030,126
AARHUS,DK,56.15,10.22,2040,193
AARHUS,DK,56.15,10.22,2050,270
AARHUS,DK,56.15,10.22,2060,346
AARHUS,DK,56.15,10.22,2070,438
AARHUS,DK,56.15,10.22,2080,541
AARHUS,DK,56.15,10.22,2090,658
AARHUS,DK,56.15,10.22,2100,790
AARHUS,DK,56.15,10.22,2110,852
AARHUS,DK,56.15,10.22,2120,962
AARHUS,DK,56.15,10.22,2130,1070
AARHUS,DK,56.15,10.22,2140,1176
AARHUS,DK,56.15,10.22,2150,1276
ESBJERG,DK,55.46,8.44,2020,68
ESBJERG,DK,55.46,8.44,2030,118
ESBJERG,DK,55.46,8.44,2040,182
ESBJERG,DK,55.46,8.44,2050,259
ESBJERG,DK,55.46,8.44,2060,336
ESBJERG,DK,55.46,8.44,2070,425
ESBJERG,DK,55.46,8.44,2080,527
ESBJERG,DK,55.46,8.44,2090,644
ESBJERG,DK,55.46,8.44,2100,778
ESBJERG,DK,55.46,8.44,2110,838
ESBJERG,DK,55.46,8.44,2120,948
ESBJERG,DK,55.46,8.44,2130,1054
ESBJERG,DK,55.46,8.44,2140,1159
ESBJERG,DK,55.46,8.44,2150,1259
LEIXOES,PT,41.18,-8.7,2020,62
LEIXOES,PT,41.18,-8.7,2030,112
LEIXOES,PT,41.18,-8.7,2040,172
LEIXOES,PT,41.18,-8.7,2050,246
LEIXOES,PT,41.18,-8.7,2060,323
LEIXOES,PT,41.18,-8.7,2070,415
LEIXOES,PT,41.18,-8.7,2080,520
LEIXOES,PT,41.18,-8.7,2090,640
LEIXOES,PT,41.18,-8.7,2100,769
LEIXOES,PT,41.18,-8.7,2110,844
LEIXOES,PT,41.18,-8.7,2120,960
LEIXOES,PT,41.18,-8.7,2130,1071
LEIXOES,PT,41.18,-8.7,2140,1176
LEIXOES,PT,41.18,-8.7,2150,1278
CASCAIS,PT,38.68,-9.42,2020,63
CASCAIS,PT,38.68,-9.42,2030,114
CASCAIS,PT,38.68,-9.42,2040,176
CASCAIS,PT,38.68,-9.42,2050,252
CASCAIS,PT,38.68,-9.42,2060,330
CASCAIS,PT,38.68,-9.42,2070,424
CASCAIS,PT,38.68,-9.42,2080,530
CASCAIS,PT,38.68,-9.42,2090,654
CASCAIS,PT,38.68,-9.42,2100,786
CASCAIS,PT,38.68,-9.42,2110,865
CASCAIS,PT,38.68,-9.42,2120,983
CASCAIS,PT,38.68,-9.42,2130,1098
CASCAIS,PT,38.68,-9.42,2140,1207
CASCAIS,PT,38.68,-9.42,2150,1310
SINES,PT,37.95,-8.88,2020,64
SINES,PT,37.95,-8.88,2030,115
SINES,PT,37.95,-8.88,2040,178
SINES,PT,37.95,-8.88,2050,253
SINES,PT,37.95,-8.88,2060,332
SINES,PT,37.95,-8.88,2070,427
SINES,PT,37.95,-8.88,2080,532
SINES,PT,37.95,-8.88,2090,656
SINES,PT,37.95,-8.88,2100,789
SINES,PT,37.95,-8.88,2110,870
SINES,PT,37.95,-8.88,2120,990
SINES,PT,37.95,-8.88,2130,1104
SINES,PT,37.95,-8.88,2140,1214
SINES,PT,37.95,-8.88,2150,1318
DUBLIN,IE,53.35,-6.22,2020,62
DUBLIN,IE,53.35,-6.22,2030,112
DUBLIN,IE,53.35,-6.22,2040,168
DUBLIN,IE,53.35,-6.22,2050,236
DUBLIN,IE,53.35,-6.22,2060,308
DUBLIN,IE,53.35,-6.22,2070,394
DUBLIN,IE,53.35,-6.22,2080,488
DUBLIN,IE,53.35,-6.22,2090,597
DUBLIN,IE,53.35,-6.22,2100,717
DUBLIN,IE,53.35,-6.22,2110,770
DUBLIN,IE,53.35,-6.22,2120,870
DUBLIN,IE,53.35,-6.22,2130,968
DUBLIN,IE,53.35,-6.22,2140,1064
DUBLIN,IE,53.35,-6.22,2150,1154
BELFAST_2,IE,54.6,-5.92,2020,63
BELFAST_2,IE,54.6,-5.92,2030,112
BELFAST_2,IE,54.6,-5.92,2040,168
BELFAST_2,IE,54.6,-5.92,2050,236
BELFAST_2,IE,54.6,-5.92,2060,306
BELFAST_2,IE,54.6,-5.92,2070,390
BELFAST_2,IE,54.6,-5.92,2080,484
BELFAST_2,IE,54.6,-5.92,2090,590
BELFAST_2,IE,54.6,-5.92,2100,708
BELFAST_2,IE,54.6,-5.92,2110,757
BELFAST_2,IE,54.6,-5.92,2120,856
BELFAST_2,IE,54.6,-5.92,2130,953
BELFAST_2,IE,54.6,-5.92,2140,1046
BELFAST_2,IE,54.6,-5.92,2150,1135
RHODOS,GR,36.44,28.24,2020,61
RHODOS,GR,36.44,28.24,2030,112
RHODOS,GR,36.44,28.24,2040,176
RHODOS,GR,36.44,28.24,2050,249
RHODOS,GR,36.44,28.24,2060,324
RHODOS,GR,36.44,28.24,2070,412
RHODOS,GR,36.44,28.24,2080,511
RHODOS,GR,36.44,28.24,2090,632
RHODOS,GR,36.44,28.24,2100,763
RHODOS,GR,36.44,28.24,2110,848
RHODOS,GR,36.44,28.24,2120,966
RHODOS,GR,36.44,28.24,2130,1082
RHODOS,GR,36.44,28.24,2140,1192
RHODOS,GR,36.44,28.24,2150,1298
AUCKLAND_II,NZ,-36.84,174.77,2020,61
AUCKLAND_II,NZ,-36.84,174.77,2030,112
AUCKLAND_II,NZ,-36.84,174.77,2040,176
AUCKLAND_II,NZ,-36.84,174.77,2050,256
AUCKLAND_II,NZ,-36.84,174.77,2060,340
AUCKLAND_II,NZ,-36.84,174.77,2070,444
AUCKLAND_II,NZ,-36.84,174.77,2080,558
AUCKLAND_II,NZ,-36.84,174.77,2090,692
AUCKLAND_II,NZ,-36.84,174.77,2100,838
AUCKLAND_II,NZ,-36.84,174.77,2110,952
AUCKLAND_II,NZ,-36.84,174.77,2120,1087
AUCKLAND_II,NZ,-36.84,174.77,2130,1216
AUCKLAND_II,NZ,-36.84,174.77,2140,1339
AUCKLAND_II,NZ,-36.84,174.77,2150,1456
WELLINGTON_HARBOUR,NZ,-41.28,174.78,2020,63
WELLINGTON_HARBOUR,NZ,-41.28,174.78,2030,112
WELLINGTON_HARBOUR,NZ,-41.28,174.78,2040,173
WELLINGTON_HARBOUR,NZ,-41.28,174.78,2050,256
WELLINGTON_HARBOUR,NZ,-41.28,174.78,2060,339
WELLINGTON_HARBOUR,NZ,-41.28,174.78,2070,442
WELLINGTON_HARBOUR,NZ,-41.28,174.78,2080,556
WELLINGTON_HARBOUR,NZ,-41.28,174.78,2090,691
WELLINGTON_HARBOUR,NZ,-41.28,174.78,2100,836
WELLINGTON_HARBOUR,NZ,-41.28,174.78,2110,953
WELLINGTON_HARBOUR,NZ,-41.28,174.78,2120,1088
WELLINGTON_HARBOUR,NZ,-41.28,174.78,2130,1217
WELLINGTON_HARBOUR,NZ,-41.28,174.78,2140,1340
WELLINGTON_HARBOUR,NZ,-41.28,174.78,2150,1457
PORT_CHALMERS,NZ,-45.81,170.62,2020,62
PORT_CHALMERS,NZ,-45.81,170.62,2030,110
PORT_CHALMERS,NZ,-45.81,170.62,2040,170
PORT_CHALMERS,NZ,-45.81,170.62,2050,248
PORT_CHALMERS,NZ,-45.81,170.62,2060,331
PORT_CHALMERS,NZ,-45.81,170.62,2070,433
PORT_CHALMERS,NZ,-45.81,170.62,2080,544
PORT_CHALMERS,NZ,-45.81,170.62,2090,675
PORT_CHALMERS,NZ,-45.81,170.62,2100,813
PORT_CHALMERS,NZ,-45.81,170.62,2110,928
PORT_CHALMERS,NZ,-45.81,170.62,2120,1060
PORT_CHALMERS,NZ,-45.81,170.62,2130,1188
PORT_CHALMERS,NZ,-45.81,170.62,2140,1308
PORT_CHALMERS,NZ,-45.81,170.62,2150,1423
BRISBANE,AU,-27.37,153.17,2020,54
BRISBANE,AU,-27.37,153.17,2030,106
BRISBANE,AU,-27.37,153.17,2040,168
BRISBANE,AU,-27.37,153.17,2050,246
BRISBANE,AU,-27.37,153.17,2060,327
BRISBANE,AU,-27.37,153.17,2070,430
BRISBANE,AU,-27.37,153.17,2080,545
BRISBANE,AU,-27.37,153.17,2090,679
BRISBANE,AU,-27.37,153.17,2100,816
BRISBANE,AU,-27.37,153.17,2110,921
BRISBANE,AU,-27.37,153.17,2120,1053
BRISBANE,AU,-27.37,153.17,2130,1179
BRISBANE,AU,-27.37,153.17,2140,1297
BRISBANE,AU,-27.37,153.17,2150,1410
SYDNEY,AU,-33.85,151.23,2020,62
SYDNEY,AU,-33.85,151.23,2030,118
SYDNEY,AU,-33.85,151.23,2040,180
SYDNEY,AU,-33.85,151.23,2050,262
SYDNEY,AU,-33.85,151.23,2060,345
SYDNEY,AU,-33.85,151.23,2070,450
SYDNEY,AU,-33.85,151.23,2080,567
SYDNEY,AU,-33.85,151.23,2090,700
SYDNEY,AU,-33.85,151.23,2100,840
SYDNEY,AU,-33.85,151.23,2110,950
SYDNEY,AU,-33.85,151.23,2120,1083
SYDNEY,AU,-33.85,151.23,2130,1212
SYDNEY,AU,-33.85,151.23,2140,1333
SYDNEY,AU,-33.85,151.23,2150,1448
PORT_ADELAIDE,AU,-34.78,138.48,2020,46
PORT_ADELAIDE,AU,-34.78,138.48,2030,92
PORT_ADELAIDE,AU,-34.78,138.48,2040,146
PORT_ADELAIDE,AU,-34.78,138.48,2050,216
PORT_ADELAIDE,AU,-34.78,138.48,2060,286
PORT_ADELAIDE,AU,-34.78,138.48,2070,372
PORT_ADELAIDE,AU,-34.78,138.48,2080,468
PORT_ADELAIDE,AU,-34.78,138.48,2090,579
PORT_ADELAIDE,AU,-34.78,138.48,2100,702
PORT_ADELAIDE,AU,-34.78,138.48,2110,796
PORT_ADELAIDE,AU,-34.78,138.48,2120,915
PORT_ADELAIDE,AU,-34.78,138.48,2130,1029
PORT_ADELAIDE,AU,-34.78,138.48,2140,1134
PORT_ADELAIDE,AU,-34.78,138.48,2150,1235
NEWCASTLE_I,AU,-32.92,151.8,2020,61
NEWCASTLE_I,AU,-32.92,151.8,2030,117
NEWCASTLE_I,AU,-32.92,151.8,2040,180
NEWCASTLE_I,AU,-32.92,151.8,2050,261
NEWCASTLE_I,AU,-32.92,151.8,2060,345
NEWCASTLE_I,AU,-32.92,151.8,2070,449
NEWCASTLE_I,AU,-32.92,151.8,2080,567
NEWCASTLE_I,AU,-32.92,151.8,2090,701
NEWCASTLE_I,AU,-32.92,151.8,2100,843
NEWCASTLE_I,AU,-32.92,151.8,2110,952
NEWCASTLE_I,AU,-32.92,151.8,2120,1086
NEWCASTLE_I,AU,-32.92,151.8,2130,1214
NEWCASTLE_I,AU,-32.92,151.8,2140,1336
NEWCASTLE_I,AU,-32.92,151.8,2150,1451
TANJONG_PAGAR,SG,1.27,103.85,2020,51
TANJONG_PAGAR,SG,1.27,103.85,2030,103
TANJONG_PAGAR,SG,1.27,103.85,2040,167
TANJONG_PAGAR,SG,1.27,103.85,2050,243
TANJONG_PAGAR,SG,1.27,103.85,2060,320
TANJONG_PAGAR,SG,1.27,103.85,2070,420
TANJONG_PAGAR,SG,1.27,103.85,2080,534
TANJONG_PAGAR,SG,1.27,103.85,2090,664
TANJONG_PAGAR,SG,1.27,103.85,2100,812
TANJONG_PAGAR,SG,1.27,103.85,2110,915
TANJONG_PAGAR,SG,1.27,103.85,2120,1046
TANJONG_PAGAR,SG,1.27,103.85,2130,1174
TANJONG_PAGAR,SG,1.27,103.85,2140,1296
TANJONG_PAGAR,SG,1.27,103.85,2150,1409
ACAPULCO,MX,16.83,-99.92,2020,53
ACAPULCO,MX,16.83,-99.92,2030,100
ACAPULCO,MX,16.83,-99.92,2040,159
ACAPULCO,MX,16.83,-99.92,2050,236
ACAPULCO,MX,16.83,-99.92,2060,311
ACAPULCO,MX,16.83,-99.92,2070,407
ACAPULCO,MX,16.83,-99.92,2080,512
ACAPULCO,MX,16.83,-99.92,2090,637
ACAPULCO,MX,16.83,-99.92,2100,766
ACAPULCO,MX,16.83,-99.92,2110,859
ACAPULCO,MX,16.83,-99.92,2120,984
ACAPULCO,MX,16.83,-99.92,2130,1103
ACAPULCO,MX,16.83,-99.92,2140,1216
ACAPULCO,MX,16.83,-99.92,2150,1324
CABO_SAN_LUCAS,MX,22.88,-109.9,2020,54
CABO_SAN_LUCAS,MX,22.88,-109.9,2030,98
CABO_SAN_LUCAS,MX,22.88,-109.9,2040,156
CABO_SAN_LUCAS,MX,22.88,-109.9,2050,231
CABO_SAN_LUCAS,MX,22.88,-109.9,2060,306
CABO_SAN_LUCAS,MX,22.88,-109.9,2070,400
CABO_SAN_LUCAS,MX,22.88,-109.9,2080,504
CABO_SAN_LUCAS,MX,22.88,-109.9,2090,628
CABO_SAN_LUCAS,MX,22.88,-109.9,2100,757
CABO_SAN_LUCAS,MX,22.88,-109.9,2110,848
CABO_SAN_LUCAS,MX,22.88,-109.9,2120,971
CABO_SAN_LUCAS,MX,22.88,-109.9,2130,1090
CABO_SAN_LUCAS,MX,22.88,-109.9,2140,1202
CABO_SAN_LUCAS,MX,22.88,-109.9,2150,1308
ENSENADA,MX,31.85,-116.63,2020,50
ENSENADA,MX,31.85,-116.63,2030,93
ENSENADA,MX,31.85,-116.63,2040,148
ENSENADA,MX,31.85,-116.63,2050,216
ENSENADA,MX,31.85,-116.63,2060,284
ENSENADA,MX,31.85,-116.63,2070,370
ENSENADA,MX,31.85,-116.63,2080,469
ENSENADA,MX,31.85,-116.63,2090,586
ENSENADA,MX,31.85,-116.63,2100,710
ENSENADA,MX,31.85,-116.63,2110,792
ENSENADA,MX,31.85,-116.63,2120,906
ENSENADA,MX,31.85,-116.63,2130,1016
ENSENADA,MX,31.85,-116.63,2140,1123
ENSENADA,MX,31.85,-116.63,2150,1224
BUENOS_AIRES,AR,-34.6,-58.37,2020,42
BUENOS_AIRES,AR,-34.6,-58.37,2030,87
BUENOS_AIRES,AR,-34.6,-58.37,2040,142
BUENOS_AIRES,AR,-34.6,-58.37,2050,217
BUENOS_AIRES,AR,-34.6,-58.37,2060,292
BUENOS_AIRES,AR,-34.6,-58.37,2070,383
BUENOS_AIRES,AR,-34.6,-58.37,2080,484
BUENOS_AIRES,AR,-34.6,-58.37,2090,606
BUENOS_AIRES,AR,-34.6,-58.37,2100,728
BUENOS_AIRES,AR,-34.6,-58.37,2110,839
BUENOS_AIRES,AR,-34.6,-58.37,2120,963
BUENOS_AIRES,AR,-34.6,-58.37,2130,1082
BUENOS_AIRES,AR,-34.6,-58.37,2140,1196
BUENOS_AIRES,AR,-34.6,-58.37,2150,1304
CAPE_TOWN,ZA,-33.91,18.43,2020,60
CAPE_TOWN,ZA,-33.91,18.43,2030,114
CAPE_TOWN,ZA,-33.91,18.43,2040,180
CAPE_TOWN,ZA,-33.91,18.43,2050,263
CAPE_TOWN,ZA,-33.91,18.43,2060,349
CAPE_TOWN,ZA,-33.91,18.43,2070,454
CAPE_TOWN,ZA,-33.91,18.43,2080,568
CAPE_TOWN,ZA,-33.91,18.43,2090,700
CAPE_TOWN,ZA,-33.91,18.43,2100,840
CAPE_TOWN,ZA,-33.91,18.43,2110,955
CAPE_TOWN,ZA,-33.91,18.43,2120,1091
CAPE_TOWN,ZA,-33.91,18.43,2130,1223
CAPE_TOWN,ZA,-33.91,18.43,2140,1346
CAPE_TOWN,ZA,-33.91,18.43,2150,1465
DURBAN,ZA,-29.87,31.05,2020,58
DURBAN,ZA,-29.87,31.05,2030,110
DURBAN,ZA,-29.87,31.05,2040,173
DURBAN,ZA,-29.87,31.05,2050,255
DURBAN,ZA,-29.87,31.05,2060,338
DURBAN,ZA,-29.87,31.05,2070,439
DURBAN,ZA,-29.87,31.05,2080,552
DURBAN,ZA,-29.87,31.05,2090,686
DURBAN,ZA,-29.87,31.05,2100,826
DURBAN,ZA,-29.87,31.05,2110,936
DURBAN,ZA,-29.87,31.05,2120,1070
DURBAN,ZA,-29.87,31.05,2130,1198
DURBAN,ZA,-29.87,31.05,2140,1321
DURBAN,ZA,-29.87,31.05,2150,1437
